<?xml version="1.0" encoding="UTF-8"?>
<project-private xmlns="http://www.netbeans.org/ns/project-private/1">
    <editor-bookmarks xmlns="http://www.netbeans.org/ns/editor-bookmarks/2" lastBookmarkId="0"/>
    <open-files xmlns="http://www.netbeans.org/ns/projectui-open-files/2">
        <group>
            <file>file:/Z:/Programacion/Proyectos/Mio/tecebook/src/tecebook/TacebookDB.java</file>
            <file>file:/Z:/Programacion/Proyectos/Mio/tecebook/src/tecebook/InitMenuView.java</file>
            <file>file:/Z:/Programacion/Proyectos/Mio/tecebook/src/tecebook/InitMenuController.java</file>
            <file>file:/Z:/Programacion/Proyectos/Mio/tecebook/src/tecebook/ProfileDB.java</file>
            <file>file:/Z:/Programacion/Proyectos/Mio/tecebook/src/tecebook/Post.java</file>
            <file>file:/Z:/Programacion/Proyectos/Mio/tecebook/src/tecebook/ProfileView.java</file>
            <file>file:/Z:/Programacion/Proyectos/Mio/tecebook/src/tecebook/Profile.java</file>
            <file>file:/Z:/Programacion/Proyectos/Mio/tecebook/src/tecebook/Comment.java</file>
        </group>
    </open-files>
</project-private>
